<?xml version="1.0" encoding="UTF-8"?>
<project-private xmlns="http://www.netbeans.org/ns/project-private/1">
    <editor-bookmarks xmlns="http://www.netbeans.org/ns/editor-bookmarks/2" lastBookmarkId="0"/>
    <open-files xmlns="http://www.netbeans.org/ns/projectui-open-files/2">
        <group>
            <file>file:/Users/nhatduy261179/NetBeansProjects/Assignment/web/Common/navAdmin.jsp</file>
            <file>file:/Users/nhatduy261179/NetBeansProjects/Assignment/src/java/services/createUserService.java</file>
            <file>file:/Users/nhatduy261179/NetBeansProjects/Assignment/src/java/services/loginService.java</file>
            <file>file:/Users/nhatduy261179/NetBeansProjects/Assignment/src/java/controller/HomeControl.java</file>
            <file>file:/Users/nhatduy261179/NetBeansProjects/Assignment/src/java/controller/LoginServlet.java</file>
            <file>file:/Users/nhatduy261179/NetBeansProjects/Assignment/src/java/LoginGoogle/LoginGoogleHandler.java</file>
            <file>file:/Users/nhatduy261179/NetBeansProjects/Assignment/src/java/services/ProductService.java</file>
            <file>file:/Users/nhatduy261179/NetBeansProjects/Assignment/src/java/UserDAO/UserDAO.java</file>
            <file>file:/Users/nhatduy261179/NetBeansProjects/Assignment/src/java/UserDAO/IUserDAO.java</file>
            <file>file:/Users/nhatduy261179/NetBeansProjects/Assignment/web/authenticator_authorization/login.jsp</file>
            <file>file:/Users/nhatduy261179/NetBeansProjects/Assignment/src/java/controller/AdminProductListServlet.java</file>
            <file>file:/Users/nhatduy261179/NetBeansProjects/Assignment/src/java/LoginGoogle/UserGoogleDto.java</file>
            <file>file:/Users/nhatduy261179/NetBeansProjects/Assignment/src/java/LoginGoogle/Constants.java</file>
        </group>
    </open-files>
</project-private>
